﻿Designator,Footprint,Quantity,Value,LCSC Part #
AE1,U.FL_Molex_MCRF_73412-0110_Vertical,1,U.FL,C434806
AE2,GGBLA.01.A,1,GGBLA.01.A,C5359159
"C1, C3",0603,2,2.2uF,C23630
C10,0603,1,4.7uF,C23733
C11,0603,1,470nF,C96446
C12,0603,1,22uF,C96446
C13,CP_EIA-2012-15_AVX-P,1,47uF tant,
C14,CP_EIA-2012-15_AVX-P,1,47uF tant,C59461
"C15, C19",0402,2,1uF,C52923
"C16, C20, C21, C4, C5, C6, C7, C8, C9",0603,9,100nF,C1525
C17,0603,1,10uF,C15525
C18,0402,1,2.2uF,C12530 
"C2, C23, C26, C28, C29",0603,5,100nF,C1590
C22,0603,1,470nF,C1623
C24,0201,1,47nF,C85925
C25,0201,1,47pF,C85908
C27,0603,1,10pF,C32949
C30,0402,1,0.8pF,C88902
C31,0402,1,2.7pF,C76963
C32,0402,1,0.5pF,C76987
C33,0402,1,22pF,C76960
D1,D_SMA,1,RSX501L-20TE25,C329921
D2,D_SOD-323F,1,PMEG3020EJ,C456093
D3,0603,1,LED_RD,C2286
FL1,Balun_Johanson_0900FM15K0039,1,0900FM15D0039E,C1513363
J1,USB_Micro-B_Amphenol_10118193-0001LF_Horizontal,1,Amphenol ICC 10118193-0001LF,C132562
J2,microSD_HC_Molex_47219-2001,1,TF-102-15,C266609
J3,"TerminalBlock_Phoenix_MPT-0,5-12-2.54_1x12_P2.54mm_Horizontal",1,Screw_Terminal_01x12,DNP
L1,0805,1,15uH,C383402
L2,0402,1,47nH,C76776
LS1,AST0760_MAL,1,AST0760MCTRQ,C5949284
"Q1, Q2, Q3",TRANS_SI7232DN-T1-GE3,3,SI7232DN-T1-GE3,C144854
"R10, R11, R20, R31, R33, R34, R9",0603,7,100k,C25803
"R14, R15, R16, R17, R18, R19, R7",0603,7,470,C23179
"R2, R22, R5, R6",0603,4,10k,C25804
R23,0603,1,10k,C21190
R24,0603,1,27k,C4211
R25,0402,1,50,C227387
R26,0603,1,220,C25091
"R28, R29, R3, R4",0603,4,4.7k,C23162
"R30, R32, R35, R36, R37, R38, R8",0603,7,27k,C22967
SW1,SW_DIP_SPSTx02_Slide_Omron_A6S-210x_W8.9mm_P2.54mm,1,A6S-2104-H,C2733298
U1,WSON-8-1EP_4x4mm_P0.8mm_EP2.2x3mm_ThermalVias,1,LM2940LD-5.0/NOPB,C2861815
U10,QFN-24-1EP_4x4mm_P0.5mm_EP2.6x2.6mm,1,SX1262IMLTRT,C191341
U11,MAX-M10S-00B,1,MAX-M10S-00B,C4153167
U12,WSON-8-1EP_4x4mm_P0.8mm_EP2.2x3mm_ThermalVias,1,LM1117LD-3.3/NOPB,C2870191
U13,Texas_R-PDSO-G5_DCK-5,1,74LVC1G04,C8207
U2,SOT_210DRLR_TEX,1,DRV8210DRLR,C3681297
U3,MMC5983MA_MEM,1,MMC5983MA,C404329
U4,PQFN50P300X250X97-14N,1,ICM-42688-P,C1850418
U5,SKY66105-11,1,SKY66105,C2654446
U6,QFN-68-1EP_8x8mm_P0.4mm_EP5.2x5.2mm,1,STM32H725RGV6,C5271079
U7,LGA-8_3x5mm_P1.25mm,1,MS5607-02BA,C97627
U8,LGA-14_3x5mm_P0.8mm_LayoutBorder1x6y,1,ADXL375,C481898
U9,VSSOP-8_2.3x2mm_P0.5mm,1,74LVC2T45DC,C15741
Y1,Oscillator_SMD_ECS_2520MV-xxx-xx-4Pin_2.5x2.0mm,1,ECS-2520MV-240-BN,C437141
Y2,OSC_ATX-11-F-32.000MHZ-F05-T,1,ATX-11-F-32.000MHZ-F05-T,C5978624
